d0e120f621144d39e4252fdd6156a89cec841ecf.pkl,0
7504168a068b05026101e8c1a12a71543bbea0e5.pkl,1
0846d069299cd9768a5a34df23c8c4545829ff1c.pkl,1
611283bfd880c212e6b6b6e9964ce0f004daee53.pkl,0
9b8a60c058a54f81b9e792aa87751d0aa187afbc.pkl,1
405f8612efbfd935e9b39b1e3ad46accd769c1d8.pkl,1
9c6f82f3be5b573021c5dac93af6bafc9d40a7cb.pkl,0
091e679078b849b41ea9597d8ed9559f6b8f467c.pkl,1
c1b26a86218824fdbeb85637cdb1b53538699345.pkl,0
2e39bc88584ea7d7f0af67ac82f3f716071b1322.pkl,1
0e6d5375b13bfad7078f62708cfc2fb5fd5c797a.pkl,1
b3e7c0da81dd05fca35eb5d630e799a3648a3ca2.pkl,1
c1d2588891efbe857bca58c8c8b248d2d45bc3ef.pkl,0
f64dca7f771bf05fefb59fa22c6bf2ce8e7f41d0.pkl,0
dba1924d1f03b044e4887f998fd924280962b2a0.pkl,0
ca6be5e56d104d1a98124c227a7debec3f4a485b.pkl,1
2a6811197fa1fae3f0766d34bbbe49143ffff080.pkl,1
f0286ba70685a9fe2c526b6e0dfdd6a589d357f7.pkl,0
4287ca9b169977e449d8387e5444a835aa9d854a.pkl,1
b0da777cbd55f24dbf1809400166bb091a999ade.pkl,0
67e8118164f0dd834d75ecb14bf812583d001f60.pkl,0
aaefaab3ae2e019b0490d80a1f22f318413f8f12.pkl,0
9fa048a35b49d44a5386504a9955cb187b6ad82a.pkl,1
e9a744dc82e61375d18e825af2bd4fcf74c8a849.pkl,1
a9f6a8e55ca9dd6f47a02d405d920f3f7fdf54bf.pkl,1
4775b5e868fd4112cf060c00ac68d70ed6d826a5.pkl,0
53b9a1ad16a5cadce7a40b8566466dff4671c2d3.pkl,0
107fd66c73199ff6c595ae2b6872cccc9bcae279.pkl,1
4e71928f33bd33e3877019d5ad5c86663c88fb83.pkl,0
2db285166cfcc650bb490911941116a7f20f3b6e.pkl,0
dc7920c1cac975dd3f578f4b9e8146164b4be20e.pkl,1
ed6befaea40539d91c3907f7a4ca5f2a3eab88d8.pkl,1
d1ac65c091f47dc921f6f47a77858c1e8c785a36.pkl,0
3019ff9ee2fe12819721c9101dcda86e83efa0c2.pkl,1
75f0e5f417477d4c491e8ad81f498faf761618a1.pkl,0
ee60675864c8375d9ea35cb12fe115f2ee9ae52e.pkl,1
1accfceb6bdd63ee7635b3cb9bcc86323261560f.pkl,1
f26305973994b35f7f54ca42d5737b43e95d47ac.pkl,0
a3a72924c9d7a406be6409345c7f97ed16cd529b.pkl,0
959b59e66cc86eb67528c197e4e082261a2afe29.pkl,0
f2fbe8f2c9f5befa1e4977bee914a7d05752a60e.pkl,0
d80c44544c01c8ca082b418a935740f138f8f369.pkl,0
1c8e1ed18561f44e2cacf818e0caaf381244bc43.pkl,1
2b9ee6b54aa2f709442e7e514335e2548c933318.pkl,0
28d2bf7f0ee8f027c5684f328825fc42ae212dc4.pkl,0
e5105105a4ebb1defbfdc6efe81621f862843083.pkl,0
d2c033f8217fbc7ad139eeec2eb374bfb6e33598.pkl,1
530a40907769bd86eb99cea6a40776f158aa48c9.pkl,0
ff532a37aca0633c3be79a23f3132a1a15d08f63.pkl,1
4c27440f7e2d6c78514d806b1d4625683004d5ba.pkl,1
85aba5a8e26393e390568831189bd103058842ef.pkl,1
a7816b1d7089a830854ec7ea85cbf18eb055603d.pkl,0
d4b4f881a3a65dbe27a4611cd7f5c5c7cf9edc66.pkl,0
9393925790c57087067f923e2e01714e8ad27740.pkl,1
d0614e6b01580900152cefbb82cb1ad57d3eb905.pkl,1
f3f8f4be8964ccb658a84b6470babdc76540d33d.pkl,0
7ce4b94151434cbbb0cbab63623c05f6d5c21936.pkl,0
edb970becd337ff02dc1daff0a10267c181accef.pkl,0
67b84f5a0d6bc415bcc4412f17c84e8de74b4bf9.pkl,0
4b9fde4ad939771b6fa8ee6de14c0e2b502db1e7.pkl,0
e2b57ae9b20b2a8c3083eb2363f6050d200ea303.pkl,0
2821443eddd1e4bbba3a26c8f77f4e2febdf9d9d.pkl,1
9fa175ddc53f5dd0b0cfe96a97bf54140782991b.pkl,1
cbe94207005b34bc3a6aca6d9bdcaefeb75eacd8.pkl,0
91ce3f6bbcb37c575229c177b71e0f652844d14c.pkl,1
831483d4234e3288ca60eacc5e6d03c82f6aa8c6.pkl,1
89e809e08accbbb19da3436f4217374b9b25f082.pkl,0
f656c3efebfd1d180a4ff09c033df1ea20bc7740.pkl,0
812758c15efca3290320fedf9a43a87ce590d726.pkl,1
073ef2bd2a8e65856e3cbe0a4b41138934659d72.pkl,0
2ca7f8ff4772bb7c37adbb7b15edc65a8a04d1e5.pkl,0
2a2e438053ee31d761d6ad08e8840061db95c01d.pkl,1
c185cb281bfd04551cb22ba9cfddaddc417ca078.pkl,1
f3ace539dc1b54bb78b25ce33d16d491ad732267.pkl,0
aef3bb0df94f79e5a099e98132e60bf132508001.pkl,1
da621db41e6708521126f40758603af24e38064d.pkl,0
7eeff7fdb647237928b5519e05d9f6c616b4a455.pkl,0
93450a1ec5d1f9760acfde1b2848965f1ea87d62.pkl,0
117fb5f501f455dbf7a3a51b204031bed62460c8.pkl,1
b2b8d95ca34a98d44077811b097e3298c1ce1d7a.pkl,0
7257150e6a6b88de13efa8341deba9bfb9c38ef5.pkl,1
c490d7d0e7187a03c295c7adc2a7e0d3847a2170.pkl,1
0f67f690647ad2693693e9bf40dc0e846e8bba16.pkl,0
5acd60ca4dfd11033a8d32826149833add93ce37.pkl,0
5720b1eaa287a86b33eaf5e87fb046ff11376d44.pkl,1
5c546f0b4f037a7359f806cf9c3c402fbddf912e.pkl,0
b2a88f64664804c94b924dffb64b754ace522dd2.pkl,0
5904d3db97d17a0995e74f743276be97decb1ec7.pkl,0
e6d6b8f4081832219a308e60eeb7e4b6c39843ca.pkl,0
6e48f1968378cde7f48c871fd5f0b546e8be9c08.pkl,1
d5b5e0db08d10779159eb38c1f32afda8748fe62.pkl,0
232a8a2388e439a28233d4e46485a4f8f12b8619.pkl,1
939e1439d06d982e1767b8f1d49f8618a6125b72.pkl,0
b09d55fc5be9e3432fad5220e824433321fbda1b.pkl,0
6886842eb538d43894441d6719c7082056981ce3.pkl,0
3015f82d3d9d0858167fda3fe71dbcdce152e1c6.pkl,0
d873c17848614504d82e8f8583564e6b4a1122f1.pkl,0
79603082f8c2f71b77d33c40c09d0f85cd0b6366.pkl,1
f7e25362c6f81177ae04a9ffe05122468dff26be.pkl,1
9ec5d53350d015c740b57011b72f8d273808696e.pkl,1
5bd466038a0d7a4e43ac7742f7b4ab34c86cedf7.pkl,1
cae67a4c8031500e4e88de5df8cb259487e31dbe.pkl,0
a86f8290fb51ae2ccde9fe89d0d649455ee07c40.pkl,0
8af237b22b03ed91aece6fb0f245b7c4a462a767.pkl,1
66112ed19651721dd1090c0b4b6923e125740603.pkl,0
a925c4adf981e81ca138cf1007ee04f7cf1a8160.pkl,1
9b6c1595982a1ff2192e881c862ddbc36697f332.pkl,1
59d1c583ccb9ddcc6a9d9a2238e465594e74f5f0.pkl,0
01033e67c704d4be5f1162018679cf6f19df591a.pkl,1
b70648a7ac3f0c14bf911efd2dd77ba1f87f8c61.pkl,0
dc7f097b26cfa14d10ddf2f37fa7ce1f7c9c6c13.pkl,1
58a3c8e8e025300381d6afef72820065c27e3ba3.pkl,1
62c50e2f85b70ccb7786a9ccc416a4b5f4656dbe.pkl,1
ef53a66d7d59f1d1caa1f4e6fff6eac120e31db9.pkl,1
22903e39035f0c7223c603e32dc6ddd895e8d926.pkl,1
f3be44a93911fc604a4b921a800b5a686444adbe.pkl,1
bc05a3c90a8c0882cffb33599f64abac43d96b8a.pkl,0
e804f54a29c95ba830d42f054dec6ddb76c13bf4.pkl,1
e8c3aa9736e91a88f62f47356e18e28af577cb55.pkl,0
d32ba382aa9834927e6be486af54be8265b25b4f.pkl,0
40381a0c2520fb78327c91aef615abacb068f7a9.pkl,1
cf29dae13cb1264c0eb8eecf5bf96cbbdb80ca1e.pkl,0
f6aba82cf1e92b5fa8455afd3dad2499e46e72f6.pkl,1
4e18ee249a208dbf7d7b52d412fa0d402fd3ff2a.pkl,0
9f1286ff5691d3b703d22b19fb67f560be17a6d6.pkl,0
b0b08f9b978776d57a1f125ef019c05ad5dc46de.pkl,0
71208d6d1bdb4ed9cb307350663437a5c89bf8b4.pkl,1
10b14073d425cedca8715148ce893037f615c530.pkl,1
d0799b4ccd1be4ed7ccfd5641cf9015cf3b390c1.pkl,0
7e58717379e07efd0b322caf3127a943367f55f8.pkl,1
d5b0d6cbee19690b307cb786ed5a736947f30dec.pkl,1
7be1fd1553b704c3457bc8836f1d52f7f8fe8350.pkl,1
7419f99b30350470bf0e866c9c03452018947e1d.pkl,0
5f38435e88ec78ec3df9f408bc55c8469be3a776.pkl,0
b4738192be37902ae6186164e4f4cfc4a951302f.pkl,1
dea5960571532f73d886f5dd79b0f7eed6f10582.pkl,0
7085f568102563984668280add45f41ee6a03fd8.pkl,0
fe71a507f360ff9b6aa673e672f5606e5e118111.pkl,1
92fb042b52a0781110cd32eb959e2f5da1e36102.pkl,1
04f059b8bc00ebb43f27558db1b5ab7697bfefb7.pkl,1
3894d960438ed3c0568f90a2f0e7a314044b60c7.pkl,1
81da0ee64f2c94922974852c0768e28931746040.pkl,0
cef7bba712b25da04f60f597cb614c7e4b87f24e.pkl,0
1192b9ae03202a87197d8aa92bedcc21cedb07fa.pkl,1
e23e889b347bc499a04b2b56f455907bcb4e2a5b.pkl,0
e6f1b67e1dfef73364b7bb6b5c9b65b1c7fc6db4.pkl,0
0c9420e5146818a5bb08c9c933373fcfca4a6cab.pkl,1
44947d13ab125ed2ce8328664c02c3ea27c4abe9.pkl,1
519415dd71c1c1cebc7f63fddf4ae4951da4e00b.pkl,0
60ba501a3111ffbcfe07ccbae2b35ef5c8856caf.pkl,0
911e58591f97dab3446ffe1b616d41fbcc065574.pkl,1
78b7bf9c87ff6ab6f949920cc3b1469bf6ee80af.pkl,0
587836176b72581e8632976fdec65b4d5d4619bb.pkl,0
ac589a2120c66768365cd0c31eb6529202d5a084.pkl,1
33cd03418bc34e08865975050fc2a8cbaf96b85d.pkl,1
a07f74b2fe19c3230346aa94cd59f2d453a48596.pkl,0
c3ffcd8e817a84fe59c9edb9304e82ff1aba1e26.pkl,1
f0f6528728d9eab799736b0912b09100d0f7d1b5.pkl,1
069237f9afc85d21f10370c777d4401a8effce13.pkl,1
b4c269351fbe8b5e43a6e355bc77f5ea976272d2.pkl,0
34460b0eb74977b98d9d3e683d5ffa2aec11059c.pkl,0
6a7e1aebeec061bde42cb6ef6837d9ae80e0b60e.pkl,1
374f172044609bc7f14e4dff67d5ed926b7cabe1.pkl,1
14c0d68d50512ef481184e82c345d3597d74dc0f.pkl,1
ab8f93496b65b14ef8c1dfa5f228ada322b2fc2f.pkl,0
dc9a4de824f36351c02b3f0249cc28c7b1523a9e.pkl,0
6987153bd0f92445ed87a0e526ccf9152102c922.pkl,1
9d36e55390b377da1f544b99ee2edd1530085646.pkl,0
ca21ba774531166d8705f46f2b88daa108646379.pkl,0
169721cc69fc2447844ee1cca7225a6210633169.pkl,1
82c66d0dd84e54eb243d2fb614777cb18b17f4ea.pkl,0
c7df49b6a1c400461f9372587253b8974f9ff00d.pkl,0
7390ae8af701dde8dfe0075dcb69f81456321eb1.pkl,0
24a518f3247d2da6faa97227fa4651de1f733ff0.pkl,0
727a061c668267aeb81d09b6810b15511e35393f.pkl,0
113d1eae2be990184e94ab7f2b9a02b78dba8f82.pkl,1
009bfb21e7d8240ba54c9fdb23fe7a6516537f13.pkl,1
c2a6118c68bb524bbbc2931dae760068cd0363c4.pkl,1
b39163b27bcba837600486488ce8e59815d96ba4.pkl,0
1373ddd3b04abd8f5a9995df802102ea4aae3803.pkl,1
02a887df2f485a19a051af0f3d01dac006dd9a83.pkl,0
b7eb46fb440d2988679de934e8314cd79376409b.pkl,1
9552115b645c17165bacc2231725b3f8073105a3.pkl,0
8e4a2d54254023aa9d90f9f16ff58c7c152848b3.pkl,0
487d40d8b2466a015bce5d2e8a1e53bb4283134d.pkl,0
29cb51ae05f6f02d3561b0f3b43f9af98d2309af.pkl,0
ae396a939aeeeddfde2f86297a3d65bc1fb76039.pkl,1
0e69ae266b3fbb054bb21f862fa4f8982ebd8708.pkl,1
29cf4629f8e8ec458783b7d52f0dab6d64557f5f.pkl,1
08ea6876626971e0d3b2b429938f627d22bebe26.pkl,1
c283527d4967b50ba24030934bb71e170a52b923.pkl,1
e8b70833f87c503cdb943c9c3e75f125decb9cc4.pkl,1
93d06817243c963692fcf97d93da8b252900eeb9.pkl,0
c7d68a8594689061b8740db249b728009e3edbb2.pkl,1
d9efeee9c46b2430ff0c4e9ab704f0e65f633127.pkl,1
6e22076b12d44fcc37869ea0365df5b8b3cee777.pkl,0
4780fda397fd78df01437a1805b8a69816b7131e.pkl,0
ec9d32c8c5896101778aaf0a7eea67e758a05d6e.pkl,1
f623305acf211aa2cc36619bbc3fee9a5bef2da8.pkl,1
8bca4c57b133cd0950c388ca9736853a833599b6.pkl,1
852fd99db308b62ee2183a0aa9e6ba3e617453ba.pkl,1
2c510dd3a037352f8718d1045b9de139547a6dd1.pkl,0
ccd563597f40bc65e26a9e401a468614a614a764.pkl,1
6772027a6c3a5ed036381bb4f0115f4405ed2728.pkl,0
192852493e0de39c1fed9a453bfacd30555ac712.pkl,0
5028d95f88c06c9615fd0ab76f1f33ba90179cad.pkl,0
cf27cac21f3887ddfe608a22fbbe9a980e1a8edf.pkl,1
18acb1dedc02d86d7f4be6f43fd82d738f509c67.pkl,1
94ff02b9f269068e5d050d79bd50b9d501ec2a0a.pkl,1
7f221426b03c66af41706c673541f6a2ba782b8d.pkl,0
e9cbdfd83fa7243b480c95a261d72318427caff8.pkl,0
ca04ab59d38fc60fc2b50930633ca933563c63c3.pkl,1
db1c1b169f415b5ad8f0ac70450e57b2554c324e.pkl,1
78bda837a0fcc25623b54e95f3eff76c3bd79332.pkl,0
69b18f34a17fd298c31fe36e010304e5560e07b6.pkl,1
74c44a50cdb76e7578eea0e8c761f95631e488a1.pkl,1
716ab3942f511a770907391ace9d02c0c6ead91b.pkl,0
71a1641ffb0da859af5e355c5bf4a9bcf1746e74.pkl,0
078f39dee73a70834a93ffa6a469a2746abd4c2f.pkl,0
05bf107645bdeabcd83ccb9093c3a0900367d73a.pkl,0
87344b269166b8d3d0ae33ab8f1d243bba3ed220.pkl,1
2837708063dbfccf19e7d17c85b20b6d5d3d15a0.pkl,1
ad49341aa2462b0371b61532030baefccafaa080.pkl,1
ed771334a3dfc2c3b7d2ea87a8ec4048d60e7aea.pkl,0
f66c6a0724962d75899e7a351eb7ff52a171b617.pkl,1
056605d3aa69219bd224e97f57b7fbdf75b31dfb.pkl,0
5361961ec9af32d5bcc41def52bf818d5f7f06b2.pkl,0
367dc77f45eaeb4e7a4f821d4c5be2e278090e97.pkl,0
b08e1ad07e496c2ff35902ac6a6e8fb045d84907.pkl,0
f3012748db14f8e57aabaf08930e0b233a9ecee3.pkl,0
5e13dd2c70e3b55a9ab6d06d1db1f544e38db3fa.pkl,1
da18251a2639eebfcbca237880d938d9908d1bf9.pkl,1
2da588220b64685538e5837c0f7a0329560857b7.pkl,1
f429d5d549c2dd96b0e4fd624a43a19027850509.pkl,1
47966f150f8cbd7617bfb010fec132ac728a5b78.pkl,0
46bd72cc98dd4ed07b84798a32c034ddfcc372c1.pkl,1
59473f44bf3f2398c23aaa6f19d07fe1557fb4dd.pkl,1
138925ead81749218080ca34d171f0d6f08589fc.pkl,1
a0c037e9ed26a70dd6ce0f4cba5064d60512781c.pkl,1
1b139bf2ff4487a49d77c123dfaec5ffbab24607.pkl,0
78413765326533e1b155121abb4968bd07c36bc7.pkl,0
9c7d5f056fd6d6490c8f6e9a2654e937d3599a88.pkl,1
bc90d18dd569fc0515eac4a85bf1d1ce0001cfd2.pkl,1
7685d41618e5669d051b47c484ac1f1ff03b82d1.pkl,0
e9a43a727939b6306cdcfac87676c627891d9671.pkl,1
284dd48a3a299e52a5d893c26956106e8294a2e6.pkl,1
3d12b0a08a350c467ca6bcd23f195c14666c4400.pkl,1
6dff1c2142615665bb00cfebde98cc5969c6f81c.pkl,0
3226a96da1827337a9ac1aabe7d7953eae8c339d.pkl,1
1d8da444b33c24eb723d02b21c560d7ddf571404.pkl,1
3783dd2604001fbb03cf6f8631ed8135f059d994.pkl,1
5820cfcebd2ad868c0a727e77c2b675fd915b7d2.pkl,0
b72e60c628ce61b760b4279f2fee76c526225448.pkl,1
d2129719c8ee4bc32be0b43087a24dccf7296f6c.pkl,1
c9c9c45b7e97bb7a180064d0a1962429f015686d.pkl,0
427cc595265a62719a7e16278cabc2c0be34c295.pkl,0
2c2570ea18694c42caa3550c35ed5a4616339c9a.pkl,1
7b68542dcbdbb2d9f66503f6f2b1d06a149183a5.pkl,0
ec08a394fd598a756e8959ef4debd4f954eb5464.pkl,0
52da291a71b2980fec153a8b495a6a6573a4f08f.pkl,1
e80a4dfb0c68f43bc45cd3510edd7256ce7eb6f9.pkl,0
0a58ee729ce90af0896574952834904f920c8e4a.pkl,1
1e563643b7a4e91b52c1f8e50246c5202e06ed9b.pkl,0
59f040ddf73429b89e2d634a0868d1a7e24e18a2.pkl,1
9a2a3d33adbc4319f2a20277ec639f4318bbaf9f.pkl,1
14adb57b787410b2a4b69c71c990e7c233cd938d.pkl,0
83a67069d6a4ad12a471f0e8d10852f920d3e067.pkl,1
0279c077f206577124afc0e95a1b5ab43ba0f681.pkl,1
a539e0dbeb419a46a9d2c06bc8e6a4f912137632.pkl,0
55b0e3378110f91c6b0ea24b341a2f556d85c24e.pkl,0
122b1b687e34242d60924d1ea439747b52224172.pkl,0
ee7f326553b72330453a45e45aa295036bcc42eb.pkl,0
04b441664901ceea7bba71e1d2552794607da06a.pkl,1
02ec6a777586a8edf2bde8f7e2c4ddd7a4dc241f.pkl,1
dad6a1c6cced3c9047cb87e2927ae3c671a8fc88.pkl,0
9acffcc2673cb25df8a60757461a6201aa8066c5.pkl,1
e32aefe7901f824c761114aa0cd991a2846a56a8.pkl,1
44c63ff95cb194e396a7fe3504f37be78f89c7fe.pkl,1
7940d5295fc1078b79acdc09318120c550b1caf7.pkl,0
6311fd0102ee674dd2a435b1a677bc24f295ac1e.pkl,0
df8d3dc8ad7341fcb611639db5cb7c01a508dce0.pkl,0
9faa9c220312aab27d3f36de01661163b719170a.pkl,0
4538adf8029ab575588dbbcb70a58c800311bd24.pkl,1
e88b3af4a61a606c5f67de895eaa66f02f581f9d.pkl,0
0cc04d3df55f057bad3b613ca09c72e1f9e90705.pkl,1
c5a027279f318069ce38e6dbb00a93d1b2ad57ad.pkl,1
addc9461b68098639fd6b87b78020f90d0947ef1.pkl,1
6e16ab87f4e4aa3f9aab826afdc37ccdb32c52d5.pkl,1
75ac2549814bf3ecd6c999d4b78c240a3508712a.pkl,1
558cd917d4bece45b227d4d19a02626e55bc1d2c.pkl,1
9efefb066928504ae86d5446c4c5bf46bfbfc5e6.pkl,0
f054a3317c0853a9aaa57ab07be6d2e1765c8983.pkl,0
6f6394232d58e77c80c80c2217e4a56f2f034678.pkl,0
74bb29a455303cbc8de7810117b3e8ab7bd1083e.pkl,1
ab913a5d7b29770b044fc81dac24269ccbe02cd3.pkl,0
c7e000aa9f097792b4e8b77004059b0fb76fd751.pkl,1
4238169122ce44e8803493bdce8f26c3088ee10e.pkl,0
e8b56a75fbc3fb8066dc71814b8a3420b7c4141a.pkl,0
85ef0663c3d618a9b8ecabfb662f6e2707886ac3.pkl,1
dfd1d56defd5a52f8d52d17d8f4fe71402bbff4b.pkl,0
1c3149390aafd8244b85fd80b0dc06a9a282c612.pkl,0
9be788add5f0f087e8014cf438fc0b56f7b70518.pkl,1
a03cca2f61d26325a96cdc1c106aa77fbcd40416.pkl,1
a0b42e56828d5bf97421384ac62a016e47f9c90d.pkl,1
ca3502866465d4b88e016b0cfad21735d2505e9d.pkl,1
3e4763b58ea1bfe54493361f7e3b14007fd07490.pkl,0
35eaaeb747f47eb54912b5af318051b75113ef5d.pkl,1
2cd2bc854709dfda304cf4d3be34ee4d8a50faba.pkl,0
e1ad74f4bdd2b242aeef05d6f1a79749bdd63807.pkl,1
931b23a27d5698861e3edb000d66bde58a7fbaa9.pkl,0
ca23282f61e67a4b300f29f867b09815d3799abc.pkl,1
fc64b330de3921f1b6d6554b046a282a567c7123.pkl,1
f815c8ee6f78438eb4171fcac69ec6ae5390d17a.pkl,1
26a747074db30f442a714a0efb402bedef554c90.pkl,0
001af844119ed232241072bdc3ee305a84e4e1c7.pkl,1
1e375576e068393dd947462dc16b9b8f685a346a.pkl,1
47422cf48f1fcaee47289b6d3d033039611fdeb0.pkl,0
dbd4243e2e29826a5ca08ff06ff9679d6f89a0ab.pkl,1
e6beed6c176b1571d320f2d96f78d382417ac8fb.pkl,0
d7eb7d5229087f539d1977b1d264c62c693e3d96.pkl,0
b8ac4b70e7d7b32e94ea3c41495b6455038f1dec.pkl,0
3d65b34ace5499bcf3d4ebf02964efb44ed5d138.pkl,1
66885252a583dbc07acbe9a1a66e34173845a5b5.pkl,1
15491483900c8f488c5315ff30ad4fbb8c895c60.pkl,1
69f87db35fe453c001bce11dfdd880abb357ca08.pkl,1
6de5a51eb2cac47fca07e934ccf9dcf28ad41d8e.pkl,0
a59aead8a11a42ea36cf2906051b9e51da3dfccc.pkl,0
58234d752a828e3674bd99bb4e343bf9a448629f.pkl,0
711f251fe42f707be592bba9c30f39adfe280e22.pkl,1
c740c57ed98d36d0bcea6f89b8784de3f32dcd24.pkl,1
f7f5a6c68329ec80c2524f564e9c2dc23a351e0e.pkl,0
6752d3feffce62b30f99764e1688a2d13ee4ce27.pkl,0
7d17292416a07bd12f26d675934a2b63c2940619.pkl,0
1de8891a29e0a53358b8824ce10fbd80b78b4104.pkl,0
a6dae276d1c2895f376dbac66451d90c81ea6183.pkl,1
a774ecbbf0bd670758d84a35b8198dcd8b27387e.pkl,0
255685e832c8982efd9ccdd9e80b22292ab5cfcf.pkl,0
6399d0f2525a25dac7c04c56f73feaefe14242a0.pkl,1
f737ee1e3fc590c4140e2e17da93278dbba95afa.pkl,1
bc55b60c1d0dcab220d51d546a8334290d0b7d67.pkl,0
0aec0c3348ffc096b2662571f7b15f93ff51d00c.pkl,0
d22bd0cf34e54c8c0ea2aa7627c4af28d1727742.pkl,0
ab4bcf29abd1dfd03de3baddc894d71feff7b3df.pkl,0
efcb98c23cd14e1b78d43d7027ce0ea40ce991ca.pkl,1
e62616cda0c75d4a0a4231d5c9bab53e2e4afe1d.pkl,1
0c652f350a9c69523407388d804ea6c1e299c698.pkl,1
77c4ee4a9158f3edb47da8be16b1d0aa83108367.pkl,0
7c7af6ad72ce942fd800b6f6280e7f1192f9f88b.pkl,1
45e94c5336499fea028962b0173698703f45bf81.pkl,1
16ee0f3d7806d824cc902d2170a43aa9cde91636.pkl,1
7e9ed0e2f3c5866bd7c60af970040f2e5b34d09f.pkl,0
9ab2f4d1d9237cc18dc8d03c431ba35d364d5658.pkl,1
229e49db3a7fbfa61b32621fc312daac8cac0c29.pkl,0
f954d6c6d9375e178337ebd36cadf0a99eca13b2.pkl,1
ec019f0d4002ff4a342a9b56f988447b4ff3ed3a.pkl,1
ba18cac45cf08fea9204fd230eabc16d0c5ca5b9.pkl,0
8a87b24a89bedeb62d33795808ecd4c17c5f6531.pkl,1
8d17a8c9cd70c5be2a48bdd592a843c6bf96d3fc.pkl,1
ec5688667b72e34de7e9d51ac3b5855bdb970631.pkl,0
9d0816a2d8ba92d27044817ab800ae9b9da4b728.pkl,1
424df6474ed11cc7df8680d7683be45bac22ae7e.pkl,1
24df68574faa0360e0be5d83903dc7882fd066c6.pkl,0
f6b930402404c7a042fc8053849f4e39179fddf0.pkl,0
072452026b94494a661c55aa4935ad6ee01d20a5.pkl,1
20bb1427470392b361dec310b91adf327eebeb8c.pkl,0
bd16667516d261828dd9a0c641e8411eb466ea5d.pkl,0
2431245216767dcbcafc55c8172acaeb139acebf.pkl,0
920beb0112029566389601cc717043f1ecc7d1be.pkl,0
8d2a9296b7429e51ff533d9ed7927ecbc02f795b.pkl,0
0f80b810422181f44fe3fe1ff7a1b9822ae8f85e.pkl,0
0e18669b0d4a10d2ab29ff59ee0b354bd090d2ff.pkl,0
d512f5b063cc0e40d2fe039eec4cc19127c677fc.pkl,0
9233b19f6abc88a30bcd6c411325a303541f707d.pkl,1
9a05f9801bab6c677a75a6cc0e16ae23e47bc11b.pkl,0
d98e07569c69c7024c18e4814a0f290a3ec91fff.pkl,0
2b7238fb701dc44512e76a880ced3fb15f3a1922.pkl,1
eed396af6712a815884bf41b1ad4221e35a4413b.pkl,0
bfaea451d987b362736eccf3539b06954ffcca82.pkl,0
1c507b4f718da6d1b2070999e61fcc8cc5e89abe.pkl,1
57f48744b03976690fdee1e09de8716980a50232.pkl,0
e7c319082b8f3b898117597ea48258e05cc39260.pkl,1
5b2861a3da50d05295e0183051f41464e153a44e.pkl,0
28ead0f69171f441e9e32e858e2e028f547e541a.pkl,1
bd505099a79e10e02a1efd77efd1d50a7c01156c.pkl,0
1bab10926f13d477aa03d1098f5b719ab4e57b16.pkl,1
1651224cede56dd78009daa97a385d4c107713f0.pkl,1
71af60e25cff539c95f0479e656ad29660cf758e.pkl,0
200b608ecbaefea070005442eea3e8059ccd6edf.pkl,1
2cee2c0e2db9dd96fe9359de296244dc2e309c9c.pkl,1
05f6b8810a1b73f7dd98aa3328a8fe689623f801.pkl,0
97638746946896aaf0f68aaf0267f5b00a48ac9d.pkl,0
49467cd83c7ebf78d9d01fc5a3b837d642b67101.pkl,1
8e785f3c42ffcdf838acb6ee50a178ffa3664599.pkl,1
9efc73b3f3c00f17577eefc39993b2ca3b580fdc.pkl,0
bf53bc901173062d14f48f035ed61ad87f95a465.pkl,0
1e7a46abeb2cbba94c04001176cd9e0e3c9d4dcc.pkl,0
33fe58cfab066ce3c868ac4b4e4c8d0f224d9811.pkl,1
95a7157f3135b184614cf11d3ba9285fe5f88197.pkl,1
235cc5c9d742ccbc703642f9f932772a4e5a103b.pkl,1
32f010b79674bc05185da560482c764a90204426.pkl,1
e17174fd4faf7b792b725411f9964baff655466c.pkl,0
a80cdb389be2accbdba5ae443fb3094b7c471a72.pkl,0
6ba88d23fb52a997c3b010e50b470c3617eab915.pkl,0
21606c1ddce42a2883b6a4b3207d6e23422a51c4.pkl,1
4c2efc4fe459cbf8d9b7784815169769a221e1df.pkl,0
27d954a12f278e11d70dfce7662340e835447900.pkl,0
e57ec590db738c97bb6a4d2abd4cd709a91e3099.pkl,1
0015eff2039713923c4d2ad291a9c7a7d3b1a4f7.pkl,1
ccafa37690e0d01e5c348f7e928fd353473e8a9b.pkl,0
78d0cbbc06e26fddae6ae201ba66bb0c67750f08.pkl,0
e7ffb3d08e00187a1a7ef5ee3f47ba98c049f31b.pkl,0
cae4c45b2c074630e1cb738b81a526e699ebeeb8.pkl,1
e779852cdb39d22dfedbe683b8730c2b75a0c5ee.pkl,0
184f995eb14940cf10f64c9f1e3a23b3bd04e9b0.pkl,1
f0a7773999e726abdcf06ed75607b728ad7cf32c.pkl,1
164538a4fbf277e47b680aa7c8dc6140992cfb90.pkl,1
e24db11641ac131193787ad4fd5077128237b25e.pkl,1
88b3b91427110a081c1c18bde6a30af6a21cf43b.pkl,1
fce7f2af0a89ad60a7e31bee9bb121e35ab1b8c4.pkl,1
dfb000ff06add36358fa004fe3df740568fcc97b.pkl,0
1aed341c2e4d5a9432546cae71d55b7de048e3ed.pkl,1
5c11d06e2b038359d1f9d98ddeae2ecf8e172cb6.pkl,1
3ad41c1ebaf8d2eefa59fa2e961f0ff9b1bcf07b.pkl,1
783704f17fb6844b6ca8cf0377871578809e5086.pkl,0
4899ef5c5c73dc27f03084317ee96f1d81b32d15.pkl,1
b53fec6fd8466cd21e7a8159829757d7871944b6.pkl,1
0b1b0f5ca8dab9a50a9d1d526f26eb077fd2ec53.pkl,0
d5c6a02c76e566517bbda1577c9b8a9efcd3c7d6.pkl,1
b994938dc163a8b083e2c1d101420d01aa2985c6.pkl,1
b11dcad7c00c2c85354b131c796ae34bbbefdb38.pkl,0
72f8d9b8713ecbe1e3ee1c10a586e49d0e83041a.pkl,1
257fb7e1d618b35a8698d86c30691b02a58a5ec2.pkl,0
52d7c9d6ca590455c2f8e782409397a531014a0b.pkl,0
2d32e1aacdbccb2b2ad56e976c9586e603d5d4e3.pkl,1
c5ae3244005198d544eee7e258118d85df1410c1.pkl,1
9933a511fe8e3bf0e3cd70b90cb91db79863a752.pkl,1
fc4fb40073811d57c1eab7d4944d42c41078d917.pkl,0
a7767500b7426f0f677307c817ab88fe8f2e2d21.pkl,1
91b92ec63aa893460aaee30deb7c0e1f044bcce0.pkl,1
30fc8b8c7260a7e0e53059c42e71375d46062f18.pkl,1
82c3a87182cfe6dcb0f6dbe959829a8d8a0779c2.pkl,1
659314bc1c6e2b46b4d46904e50feabb31d881ed.pkl,0
eed77c4dba52838af7f6114ab159dcb5fda73d51.pkl,0
bcb0b81268a5883f30684d80f9f88338e5a6d5e3.pkl,0
8f88b968a6ee314bcd2a116a89585e8d0f3673bd.pkl,1
40927b70421339a2bbfd5635a11a7b32e527a452.pkl,1
7776748eb3a8cf8e33f98b12faf2e41117d319eb.pkl,0
88e144d7511e061a12e9fae44ffca06ac51cc29d.pkl,0
2a64c10111ae57c2cfd5769d2c53e1c97ae5c25c.pkl,0
dabe8c1e8e55a9b5cdbf2cd2bad578a32e1e04d9.pkl,0
9e3f550fc4d40c7b1c378bf324b31c98edad00fa.pkl,0
7a43d35cfade200a9d26fe1b2d587cc18ed05a53.pkl,1
5ad7219b96ccd9ac6cac2695d40e8933debae0f0.pkl,0
1c40feb21b0a9d6400aab0d67493258874993640.pkl,1
99d75ad372877ce4d99c49d5929d07d39fa9506e.pkl,0
73a2b36c3614df8b39c8f1b896a65bef36bd9f6f.pkl,1
2c3bee26e517d0d75a340692e9eea97b1b06b7ee.pkl,0
c677a01c344ba53ce7f20a1148b5b86fdb7ca11f.pkl,0
bb12acfce550971916ec9c85fe6ca418f231eaff.pkl,1
69390b18bf1cd7b30a1b452af507c305924653f3.pkl,1
9c00a50439f195af14c399b3152f87a85577275a.pkl,1
c1e8ddfc64995c0acc48623f30aadb1448bca62f.pkl,0
18ff8fff22855e4cef0153c79e6fa4064f7b98fc.pkl,0
5299af182b7cf08f95fcb3815149d7c54e73187d.pkl,0
19c9c5ff9aec09ffa3f980ac2524dfca0fe3ba4d.pkl,1
71c03b1005ba884bc0654eddf0183bb2f017ce5b.pkl,0
ce2bf41e6d2eeb64d9c1b01fdf44ecfd4e469da6.pkl,0
e8f853c57b1333502ca8c1f014c9a2a9fa75855a.pkl,1
074f9837328d3fd3537ff7dae2a154ff75141f65.pkl,0
a8ef311edc82e3954fe78904c4b040e64851965f.pkl,1
5c921c6d2673b43da88e46aa677fd3d53b40cda6.pkl,1
1c7884a4a3feded5abae28d1bca459085fac6967.pkl,1
8287167d4e6ad5e0dce66825c09a066b7f09697b.pkl,1
ab133603ff389cc5758e7979c4c09f51acf6c273.pkl,1
137ea602dedde4a9b802ab5033f60d5b70cbc5a4.pkl,1
dfe5023196803b6b93970597ba61719611ba8098.pkl,1
8c8cbd5a8bdfea04578125a0ffe4fc08d26d987e.pkl,1
ac57302616ac7113531637b8b061ba576f3d89d7.pkl,0
674c3cc407099014f1326a2d11cc00de252f332c.pkl,0
d57a0615983644d3cc1fbffbbb0c6a3997d4037e.pkl,0
6091d46a35a07cf553812f8aec9121e0f20bed6c.pkl,1
11f729a4465f4b6deb6f834f04dee257eb9dfa39.pkl,1
912aa1b8a083ba9fe5cb586657b4b4fa20ebe184.pkl,0
3dff61ef4b9fe7c5a54057d8848cd627789f3ed0.pkl,1
ebadc668091605e6290a02081dd664f776d76ba9.pkl,1
e615a85215101afadcc58994f7d2b2c524da3884.pkl,0
d65ab225f30b7eccde23e91f5282843d308392b6.pkl,1
5e9828755e0effb89c19a3f36d30082679851cc9.pkl,1
94fc7ad2542ea5982d1ee36113ddbad0f39b8a8e.pkl,0
0fa7cf98a3fa553c22e6e0458b888fa9b6003eeb.pkl,1
7039a2808a29b11581601edf401bb3d482ab83f6.pkl,0
a4f616bfe1970529177c507751d5701363e3f9d2.pkl,1
f728ff13d55e65c9717a2b394780bf2a46e8558f.pkl,1
4b9c987ae054578dc4b25a27cba4ce9cba79e863.pkl,0
122573819a5e2312caf2718e1977f9d70d735f39.pkl,0
60082f580f8c8aafb42d91c6cc59e7ec9fbd4fe4.pkl,0
68cdf178d1e1c587ba82ae44776e1e3f502ba7aa.pkl,0
f11b683f4b1ebb7509543c7018d38c2ad40cca27.pkl,1
d5cbb20eb1aabd0376235c85f68e347a283593ef.pkl,0
9d8443115dcafa6a81c229a8b08eb865e6ba702c.pkl,0
a8ebee79cb199489f8d205590ea1b8b8bc9f11f0.pkl,0
00bbdd5480a1354be9f42558ca8c7b08b5f8ce39.pkl,0
2de69caa7ff75d3412a45ad69b6b9f2607806d67.pkl,0
899ca310082ab7cac5ccdf4818bd560a77c02d05.pkl,1
f0ae52832b204ebade5b702bb18a283956a71725.pkl,1
9f233842ae96552d87bc28a68374582ac63111ac.pkl,0
f6fb968590918a1b36a309e33bd855b3703427d6.pkl,1
9918c63091cf2f9a581ff727081824fb721a018f.pkl,1
683a75ce041b40e18eabbd56d1d060b06d2c7991.pkl,1
cdb7572f8dadef086fbaa3f0d235daa662a1330e.pkl,0
6dcb800c3cbd4584dadd454217fbf4ec5682568d.pkl,0
f614672dd8b25985a417ed339a6a6532c9e57800.pkl,0
7a9d42024a78b0e9afe4736c431c5b84e2ecd292.pkl,0
4f328dcac664a9d77339457ff60ac3143cc5a46f.pkl,0
749bf62a45d030f87b8c3482274b82d743a5cb34.pkl,1
61559e1367c6becba4f2460cd87c3d51003fd92c.pkl,0
bbff570da9978c9a9ea18a5f3d4720822b43434e.pkl,1
5bfb1dbcd680aac3cba814b2b452cf4611a57662.pkl,1
05469619d0a9b0a0196ff73148d99b5136b2f5c8.pkl,1
e0628f29cc6fc97329f40f0853c8433e39b39397.pkl,0
edd2eb0a55e8c744a4893b44a4ab718125f98723.pkl,0
f9d5913e3945d8ce928638a29f829412ff85c3df.pkl,0
3c0abc12fdd51bf730608af6e4ca34fd9321d8c0.pkl,0
bd4497b1d3663c7e50c44a2ccf710df2341cfe82.pkl,1
829290bfe83ce3d64bdf89363d76e676ac28e9e6.pkl,1
24636b1a7bf0dd58e07f4974038dd7328e43193a.pkl,1
da25c0fa36bf77d4d5218b282b9e128457c51562.pkl,1
594d10ba41028efa162289ea6b8753c0132ac222.pkl,1
839b5be964c9bb0a836eecae7ff7c9ca4f6ead11.pkl,0
62c312a165adb6c0de78e8627fb15aa52d0c743e.pkl,1
b7e3d85d59546ce5ed6087baab8c8098dfc6140d.pkl,0
52da2d02ec88aa51fce5bba790d59cffd4dcf959.pkl,0
3b4c2756bfc6c07dd56adfef6efb8fc9b2116ad8.pkl,0
acd41e9b0ad87fb2bf0fd4d15c741ab4620691e0.pkl,1
d8bbada0ffb06f89e6471b67543385e52266dfe3.pkl,0
18b58783d81f128b0fac4cd5f5249b1a075ee8ff.pkl,1
379d27cb90bea7ec6ac3b13f8441b4262d5782ea.pkl,1
47217debdf6d7aa10628e079769c450ff59cbc33.pkl,0
675ee00089340258bf8bcbda0c9e929fe3929876.pkl,0
32d35b00a66821c338a829402710110cb246ddbf.pkl,1
e9a32de97643cfdc8f0faf490c66b5ca2f3db281.pkl,1
4de163b3913efd8180470a05a22abd296e03c2f6.pkl,1
a0d28cffa68ed3662f1623be1c34c9cca4ce9286.pkl,0
ef6e4e9bddad62afc1d507c99f81d690d6d60308.pkl,0
0e6842c761bcd26da9fdb611a15b6169f284d8f6.pkl,0
2e2239944b9090017845c75c8afd7a071a1547d5.pkl,1
06fb12cbeffc98cdc94754ddcc64631d427d880b.pkl,1
46e2ad75bcacb41f202a9b45fb79f992f3914091.pkl,1
520fd0adb91a527a94c4d656e635044c2613849b.pkl,0
84bbd2495c1809fcd19b535d41114e4fb101466c.pkl,0
ee36306b7985c91eb993377a3c1f8e10144c5fe6.pkl,1
1140c216b4f516e239490500d19b371a1c2b609f.pkl,1
5fad2357a796faf470a044fdc3a184fdea5ab2d0.pkl,1
2c0d8b686107f5b5e9a81b1ce904a89ebf406945.pkl,1
146ea31945be565472dedbae104e338625239d8c.pkl,0
9d89a78e433c1f152ad315a8345a8e9047809333.pkl,1
c8210e115080d3409212a5dc9610360eb7a2689b.pkl,0
5c24e072e4a2cb6a4b19833c8f712148b1b90643.pkl,1
5370a34ad14bd55ddcba6c9276bfc31e0ab00e96.pkl,1
09533618420a49502954d1d31e14806e1d1c8c89.pkl,0
d385c72a24fd21679970537b7b39afd16e8aa946.pkl,0
06457852f1596e38baac7d8ba1a2052fed413503.pkl,0
dfd55668c5dd68d7225dd5ce1405f32877c4c0e7.pkl,0
c0126ab221c74b3d4d82975be257dffd9f972134.pkl,1
795ffd1568b8789f31bf761d1b00127331905e87.pkl,1
60d3ab6b694f6a191543a2a7c37f39f2c886972f.pkl,1
869a3255dec1db4d07dc48a45ae76261ab75084f.pkl,1
e0af0063a91e44ca2078496796ab275431d57d81.pkl,1
bfd7728af88a0b3527b3cb02769ea63d14c9cb5a.pkl,1
3608e191b7219c87ca8bc160ec7d27abdbd6edaf.pkl,1
24d0b741101d226ef7dc5f5f4becf2d1c53f33f7.pkl,1
c628d73c212d855ae0f84a8b14507e6805868134.pkl,1
64f10a4903e74f4409fb4ce46f07f699e057c88b.pkl,0
5b98303ee239205f1e5e4d760540d55b4a98e11b.pkl,0
41173fefc56d702760e8ace306832328c8eeb01f.pkl,1
38bade074ab0956052385ff9673e39541943d264.pkl,1
72f3ffcd798d9fd9ffcd0fe856c366ea13b53ab0.pkl,0
df19357248dc4d13aec5dc40980c7a8e2bbdf27d.pkl,1
9318ee12f5f9aca57a6c3a18d4cd4b5d1984a6e2.pkl,1
340846a211c234d8cd99a99195c5ea129d40ee17.pkl,0
fbc4523f1d3ed539f99a80366eea78fe461fef17.pkl,1
db28e106b8c8058da40ffcd9287cd87a925dae4a.pkl,0
aaa26b503a144b4ec8d430143ce09796c578731a.pkl,1
23d1b27a5622370def36d7fd0dbfe10047369852.pkl,0
efa2add40e50c8b06bbc02157a4dbfba29e63421.pkl,1
b49a811044506660e99c76e525602b4ce83c361c.pkl,0
ab38466ca9ab6788e20070798d6d3ce5cfd85a77.pkl,1
4f70e26f12eb1d0d55bec800691172401344cb5e.pkl,0
f18a9061031177aee29f4424a51680b073c8520b.pkl,0
cd34862740a30b2f0fd391fa16b082edb79d155b.pkl,0
ca5ab55106981689e49cbc6fb9fd11c17262eefb.pkl,1
ff617efce51cc370b053cbc712d2db3b172c5bdc.pkl,1
3d5e00226cf53d2261b4dab850bc209f8ffd0019.pkl,1
f1a960bad5940d8ff362c462368737ef42614eeb.pkl,1
6a2e283438044fab29c9ce2abbe285399c32126c.pkl,0
10c3df43fea86e86ee3673c424e71ef430cf1a1c.pkl,0
012811fa4dd3f2523849cd80fc36f493bf2c2508.pkl,1
6fe14b695074fcbf4ecdff20b706ca2cf2af38ea.pkl,0
6c97962c5756c0bb54d1180e32d44e13656a2531.pkl,0
d988c069f1f2a6fcea0951c3f8249dfd815ef80e.pkl,0
72c7dd48ff42d5e10fdea6ceed322f1638aadb35.pkl,1
abf618e05336eefd5dc535ee1b89ba6193ff3255.pkl,0
f5a6da30601dda1cad99a99d1e0b5bae273c1089.pkl,1
76f11ab552efc9c36f75dd484a63ce94a51577f0.pkl,1
bb3ce8a27fcded9cc5a8ba31dd28a8408cb564d8.pkl,1
07eb278068c88e13d3ab5242665cf2fc4ce05748.pkl,0
0ed753243fa5dc0641c3381a54f54932ec289248.pkl,1
7e280398c29fcec786338a205142ff31a4befae1.pkl,0
0474be702c07f57562374c0fe40e5593d72198d0.pkl,0
573b56f18799cde9d77f6ae71725c6c906b0f8d6.pkl,1
66ffa03fbbd8099d0517ecddae12c01edc77af87.pkl,1
4f9aa59319baa60be686a8308973009e11391b60.pkl,1
1f1b5848609b0213d344afaa4181f0cf9d65cb62.pkl,1
ac7b0adb151827e43f514e9b89074a433f914da6.pkl,0
6b32b0ef589053bf9ba7427998c1f4ba8e9751a9.pkl,1
d982ea5b6c3ab71a1c5f1963343dbffa2828bf5d.pkl,1
bd94967d993adb8eb3b6d66a9e2781bfca1e4232.pkl,0
ec2c3ae4240edc09e210bb263f4c323405b9a044.pkl,0
e594c5c7eb4f6f937cfb077eef4ce2d18598984a.pkl,1
0150b346e87e2e127d2de42c534fe39eaca79892.pkl,0
a858f45b7f1ebb54b2750b501958ee4481b52cfa.pkl,1
e6becdfc7b4c1dcb1456cae530b7558b2ef6a195.pkl,0
6d926ce604b0de056736d2269b75758e7fe41457.pkl,1
40475fa23b064fb3ec2bd62483b35ea895f6a1ad.pkl,0
3d0bb5464c72885b0d19eea8e329e3840c1f60df.pkl,0
a17665306570308244d0c8641a114bb8ecc7690d.pkl,1
d2e5add104ece763d0de4abb0c22129f61852144.pkl,1
38834a46bd4bb3917871fe87a40fbe3d9eeeb90c.pkl,0
cd0a0a36b6ce898c2d014e6513c52356c54929c4.pkl,1
3a7ba32152b3b9905b0833098a8b52727c18480e.pkl,0
5196930fffc49ea393a95ab453e59b01a9fa860c.pkl,0
f6168469971863e54090caeef29e52b558e44afb.pkl,0
8a4174bff56ddbd8d505b8bf853c64ca9d26152e.pkl,0
40080e226be118c2a0a8f9dd70879467ec09f198.pkl,0
02b8ff1b1b3dc84ad30d1c76f297f1db2c5fe118.pkl,0
baf498bac402a29b1330fcd20cfbacbc5d245cf7.pkl,0
da3785b32673f79b4e2da61d46fc3bf79bf8d2b4.pkl,1
14e24028ec8607c0dbdbcf80851de710c01a5030.pkl,0
a050a9f02dff050d908ca0ed1c89a6c6111b044e.pkl,0
11df9bb25c4e922fd6e6093eda6ce7c19e0b35c2.pkl,0
f91a5e2e3401b84664890304a3f7d05bed6b2f0f.pkl,1
c19d309974bad56cbe973dc650918fb908edb13c.pkl,1
5d43fbc8cce351f94c9945bdfb744531cad02e08.pkl,0
ba2d677360c6367ba459d5a1ea56b119a1c5aaff.pkl,1
644f27e1c9fef79805223edd4c9b7f5557ec5078.pkl,0
df9b9028561730f618d1bb8f0473f95e78b99ec5.pkl,1
b8c0ff65dd5e0f78d805d22e23bdca90c560ef0a.pkl,0
8505e0fe4ff34276aa84dc9df5074fbac9e2878a.pkl,1
31a9b9e63764fb6b93db05cbcc2158f74c53c61c.pkl,0
58e3b7bdd86aa7ecb49de2aec758bb873aec0893.pkl,1
e06738e46183dc0739afcce30e7b24815eb73b5b.pkl,0
28093cd348485dc587b402be62409ba80b695df1.pkl,0
cd2700373126762e255c899b161dcc4b54a6845f.pkl,0
8d727dddeacbdbe29dbbd92bdaa0ad154c0ded05.pkl,1
433fbadb7f2ba4e10f0232a4655e128693acb6a5.pkl,1
4b32e2b354dcef1cfe14c99ad261a1c64cfa1546.pkl,1
fb1a3a62bf1fc098ddb6a5649792368ba49ce907.pkl,0
ba8fb91cb68565cc6d0dcc0656a4fdc3c40cc496.pkl,1
02951205a83bc543733dcdb19193e15d18c7b8e0.pkl,1
2a1523b51ea0c1e6ea293f4c3b2e88a1e63a35c0.pkl,0
59261b51cf8dc877a0bbb343462b901a09d3e30d.pkl,0
ba92362d7aaffe462de7ffe395cbfb57f2168e98.pkl,0
a4345b04a07cbcf6e127ff58a4442994cf62fb02.pkl,1
e713c4c10a67c416eb1c0e9b1937fb65a9dd133c.pkl,0
89941be17336fad7b38709ba069b43abe567dfdf.pkl,0
95912557491c5100701a92d5ad55be4c0d427670.pkl,1
523c4b9043cd6d722c01215f64173b9287623d76.pkl,0
14529fe0027e3150a3f31d92687ae3f639782c9a.pkl,1
ce4678196d67651de8639043181f49672a21bd5c.pkl,1
38cb411eee9b8c073f1aa76905b5d29b0e373bbd.pkl,1
0f713335d57b9a9cb3e08458984a3d20d6c84763.pkl,0
e7ab89f13b8391796987d9c693d9ab4a2bcefc36.pkl,0
ff0215b86b066ad7eae387c2eb2b9eeb8564d7c2.pkl,1
1e20ded61cbe7481a702a861436c895a190aded7.pkl,0
d1ccfdf78919f51b09fbde02c2cf0f332601bd74.pkl,0
f5de593be80cb51e5f2def22e9c10086138b62af.pkl,0
aa577f934753df241a0660dd44e6b71e68a80791.pkl,1
770b06a290ad283265283325dfcbd3f7d15a8c0a.pkl,0
eacff4bc451c7e45e3a19c207cf6d29ffbbf581d.pkl,0
14316610ddae777915b921b8c2c6274aa895e9eb.pkl,1
2ebf1366f6821bf07d8f1db595978003f8f0b08b.pkl,1
8afc13efbdfde7c7cdba80f5376a76498bd9e33b.pkl,1
b3521571e8f1a8f68d52e29561e62e36b507f005.pkl,0
ec45ed262f309dac020f39fcdd66d72c9a1c5504.pkl,1
c79a3067daa763f35f6fe60e352f86670f35819d.pkl,0
cb05e4e77b44561d1b9379e04718a8874dd3d2a0.pkl,1
c658519f4b84250a575512acd9f0cd75594bfda5.pkl,1
9505aa85d30ec0f1b6f5a23b2ea3517d6dc2de04.pkl,0
90421972fd977bbde5e3d8a88fb9b6c3fd7f15da.pkl,0
25dd6e0f24f3fae1a6e9f8dedcb8472b23df2872.pkl,0
693b442fecf4b45a75d23cbdc82cdee5d70f322c.pkl,1
394de6d60152113c64ee5e80d3477d1d3633bec6.pkl,1
0a30e8c7f6ac276d829cc99c206370b6ff559926.pkl,0
f443dafd61265450f3cb62e7823c229151f82f38.pkl,1
9b2d0a9913fa295d400589107910ed5ca2fb02d7.pkl,1
ce1156cd4b1af147fe173c2650055544bf961e8e.pkl,0
fec73cacf672f44dda0203050a9ef64aa998feca.pkl,0
bae9a61b5b25979a2189d7add7e64299c7b1ef2c.pkl,1
ad99bc341f7f131443effca68acb2c9831eaa224.pkl,1
51b74ef26bbcec77215001b29dd812d716c34eb0.pkl,1
95df223d1c691b4a00759d16c9f1e787059a051f.pkl,0
3242d04260513eeb189d081c9372b8a4a31dd06b.pkl,0
9b78072bb43f76a086fef78a1eeb57ea3f4cef2a.pkl,0
e6b23cda50d5090568d93ff7e1a0f899c1dcfd64.pkl,0
786f8a293a99db8ae43ff372b3ca84f865e3bd59.pkl,0
1804f94a9be1bef7bf90086c474acea4cb4b4751.pkl,1
a9a83e9ecb040ee516788ebfb699383a21b72d0a.pkl,0
1a07a4c9842238ddc5b9cc377b88c7fd9034f4a2.pkl,1
083d82237ee237935a8ba22cb1bab0574bc66aee.pkl,1
b435a9bbb492025f59c98cf31957ffea502f214f.pkl,0
2ae2a6b863616b61ccb550fc1a145ae025896de1.pkl,0
4cba7f8d8102c734490f68c4cf2b670ab4f09773.pkl,1
e853b1e61edbc539b878ab1306b836c2ecc9a03b.pkl,0
d8815708c9accad88fe335d2e80a7f921229fca6.pkl,0
ccff60649f7fb586d48deb8f7b8e9e322786c14e.pkl,1
4cf41c517d81e6a8f847c62765e92e8face4ad58.pkl,0
8cf7d992062dea949437e78001cf7500025641fe.pkl,0
6cb518534875a1b7b7269388bafadda1de082bfd.pkl,1
01ecc3764d2e290adf522dc42302f5ce082daebf.pkl,0
0574e3452fd04a9db52b11d8b97cda6e45879bea.pkl,0
b275388017005302e4c6d128bdd1c9e1e0ae8b72.pkl,1
ffbc9b6aaf5b99a70079cbb04c96c8df5c0f7b8b.pkl,1
4fc6a22530b713c5327c14c61be26029e90956eb.pkl,1
bfb805c385f073544a6b8b40a4e0aa2259230680.pkl,0
74ee3746c2b24cbb0676dc3a41b3569deb5431dd.pkl,0
07ccdf67be5054e0087e55502f3c99ae995c7dd7.pkl,0
f203a66c8a27e2b9369b1af9f9189eacd41c4d5f.pkl,1
20c8a600d8450ec6d9523859d4b6acb1ad57fe26.pkl,0
ecf1023e73f3056ef7f137e7a6e1a069f8e983a6.pkl,0
dc44582ffac8f5ec76a38708d10d8dca38b12801.pkl,1
b3713c6f07b523d2565b1f8ee10e8070203840b8.pkl,1
8215d659e7420beb5ca98b95e141635b63e5a622.pkl,1
ccac9c0fe4d929126fbe7a1d982744a4a8c608a6.pkl,1
8ecac8cea9b349520462ffb9758d3aff396be2d9.pkl,1
3d9fa25d3f8119a6c8b9120d6fa80d8c879ab804.pkl,1
44ee0367d34126ad03300ca8d63a40048786c293.pkl,1
0816ff622b5c0e8ce3b1ed30ee6c69f045474d4c.pkl,1
22c1bf4d711dee3529062b4e76f0b52ca77e653a.pkl,0
32584c03434b03eee9d73b0d48d530581f9d3e5e.pkl,1
404d6054b05257319b8d0629a9a555452566d772.pkl,1
71d38a5c661f5dc2d30a8fc09144fe8091ebe8e5.pkl,1
71d0827e9dc0b77b4002a82d8974710db535ea79.pkl,0
741e66e21af6cd2fa11e3f4980c60c7c3634b14b.pkl,1
caf30f087527d37f37fc50d8fee675387579db0b.pkl,0
98e318afa5187b8e6ad0a7044fd79fb5083ec270.pkl,1
be4cfb9716c3c69e43c28dad7f5c90c1088fc5f2.pkl,0
2f4cb75444e5bad65ca70119014d4b5ae9f0d8fa.pkl,1
23ddfb5af8ca0dc2ec8deb936867d632b02cb617.pkl,0
ff38f1d9b6e78a63df98a2d1bfa154ee782b8bf9.pkl,0
d184bec29fa5a3a039bfcbac726ececdbe08e831.pkl,1
2aa2242e88ba65b4c2f16e56c7bd5d075e4815c6.pkl,0
422592f439eb0c378b157ec5e434b8d0fa00563f.pkl,0
84f3f3fa858d4e58079cec1ee962a2f7f78ca983.pkl,1
5d2a3716220fe8355c94d9a5f5670f510b581d6b.pkl,0
787e0ba856e81fc1fb4a5ff4dee725b1cb70cc4c.pkl,1
5f06fa7f5aa529f4a6772af5de8a485a3c925a78.pkl,1
6554caf49e9b4d6b98e56813f19093666baf9bf8.pkl,0
75e7cf40d3bcab9e7cb9d5b454f385d8ef95c351.pkl,1
b4375f6f8e1bedec5388649ce8d80a1aa0210a6e.pkl,1
f664d3c9e98c2fd3de232218bace368b65f603af.pkl,0
1a168eb388eb225c5166268f28b8d1697a960489.pkl,0
fe33b8c4681771da55e54751bef8553814d3b6f5.pkl,1
ff56746b65258a165c9c6ddce6d915c15d5eb577.pkl,0
34e351a8c4681dd2e170c26fd640b30b48736b97.pkl,0
3352c5eaf38a97a7d27aff0d6b3549d9e95cb5ad.pkl,1
0c434e317252d1612c437def870d6dd95bc2f4e3.pkl,0
d663362c831a11702d80ffb1b6d904b9a34989ae.pkl,1
e895ed2f87a062c2e0623219cac5030d1e190a70.pkl,1
23fe3d00722fe13e42b3312253cd9e8a9e61b8cc.pkl,0
431b1669cdcbe0123675d7ee7839529d2bfc7223.pkl,1
996cf76cec9e5ffb70465d5157d6063083658ba0.pkl,1
d0c9ff62c08e75fc74075f1875c8b6ad90268d0c.pkl,0
ac0d6f4c5407f869bc427e4aad2425f17f3fb9b2.pkl,1
bfdc8b51f3501eba60f8bd7f0897a9da7ad553cd.pkl,0
ec5abd7f7a4cedff15d4b8d5b9cc15b305b60e63.pkl,1
f2b43876c540b16a343733c106315f55000416ae.pkl,1
fe4a7504e72cbc7aedfd79ced73c350bc00b3dc7.pkl,1
bf85f400a7f236bfd1c99a41977c00390de9c9fa.pkl,0
916b54174f89ae4b9f0723730eae37ba4389d3a8.pkl,1
109396dce13f71f954b76f8da73719227e9bd187.pkl,1
507c5b3097159641d0c8da5135eb2aa7d88228dc.pkl,1
6398b383a36b28c9b0e502ebb88b851b8cf34041.pkl,1
78567387c0521d4fa8d4552b50e9ee6bb787d129.pkl,1
ce2b551915d1d6237548e930f5882db448500fdb.pkl,0
c0b94495eece707f2c803f65c910241b634b7fc6.pkl,0
4dcae8125ceb796b54b3a7dcbaa25d9743346e7b.pkl,1
bba28079286c22e782d054cd41079c3d2a8bf054.pkl,0
b5fcf57f2e2e3e2e31f5944b478593d7a9771803.pkl,1
5a21544c9f83c210d170ccf5cc4b53f6bc53d91c.pkl,0
abbdf5a5e6c437f9753f43644029eef63a11d786.pkl,0
5e0219d54524441384b3974dd775ebfad4b046f5.pkl,0
acee9229df915a96fa8863b72a8d3591cb4e7fc5.pkl,1
ff77454a29997d71688f8eccd19281a7d303e362.pkl,1
d2b175e031d4c4bdb6ffbc194882ae8c9778742d.pkl,1
dace2a3fa26ce78335acb9b210cfe1b9c7f0e133.pkl,0
132f51c75e5afa94b6a3663f68d03baa188f40f5.pkl,1
4750614f05957f9d0c3c9eacb0626b1242342537.pkl,0
a9be59433fa29234d89fcab8b9be9ba300f9bee0.pkl,0
8bdf370d868aa4dc9e37861043ff9513c41e36bc.pkl,0
b76ec3e3415ed4d5ccfa452e830dae10356e7569.pkl,0
f7928144f60ae8a8cacf6cb6856ab2c371be7f88.pkl,0
f19fa83d0c9a64c56860657c94cc914e4a744789.pkl,0
8a1ee75cca16223953116f737886aef5bc6463da.pkl,1
9cc5372e0e0e5f89f8800d91af4becfa1dbb4aa4.pkl,0
5feceb07b4dddb9071fdff216cbda7af76d082fe.pkl,1
ecc7ce0aee46fb7bac6f5741033a012c58390cfc.pkl,1
edc5dd0a843c7f4915030e860ebe486682002189.pkl,0
7f299a2bba46e86484d8a7aea9362218c95926b0.pkl,0
e032cb01d099f8618c8901d069baca4b5e74068d.pkl,1
ef66685604890acfd7c9b915f10e12d170bb46ee.pkl,0
fd8fdddb39cc001dee86e28d0770ab55b73b1691.pkl,0
03c8f208780925df4614d0660b502c11a6805047.pkl,0
0a5b3966489e990b04ba1ce07ba7e78de3ed4d65.pkl,1
c660d19a59a55ce0ba323de8e693841f56ef4b86.pkl,1
fecc07c144c85f756b3af1a076feb702f5f91c5b.pkl,1
80b7a1e8753dcaf484a3a1872b12cafa17e76023.pkl,1
a723426dceb4daede32f18aa7dbeaeb54c38d7a2.pkl,1
a5e4f6f0eeb9c968e5c16ad6a97a213dfb924fa5.pkl,1
c417677c81238edb8f95c53d2500906d1671b7be.pkl,1
22f7fec76ce7f81a0b52875c8e3beb38c66e5506.pkl,1
e758d393bb5e5ae63e10f5053604cc9750616ddd.pkl,1
27b03b6ea9618268b2278d02473f616202005d12.pkl,0
4540922bc6598c1a666a3ccf2758d635e9a16cc7.pkl,0
0f1295c8d9c7864a5b1cd130ddbdfeaa1c500559.pkl,1
4e617f51b5cbe16bec998e66dade055ebe0524f8.pkl,1
53fb37286a326d3ff1c36fa1af9b28df5df28469.pkl,0
00d676b851f9bdf55616cf7ffcbec6a97cbb45e4.pkl,0
2158c54f84baded0c6bca751fc399b4866374d5a.pkl,0
3efb09e7c09a1781d97d596a09e280daed516e96.pkl,1
edc40c164c56a98c9a878e6c651135fc1342c19d.pkl,0
2df63367c5f9723dc462d0700cb3181375951280.pkl,0
4f7fa498ff267ea8a776355b8c5c4ede06e2da13.pkl,0
d4f1f38e0fe7793fec6e6fd34d75edd99357933d.pkl,1
21010e55f039a0c935c079d56737d7241fbf421a.pkl,1
9bb9849f51377d42b87584e0079407f15f24b1e7.pkl,1
fb7334440b7dbc068db8da27cfc0dd6c5b0a798e.pkl,0
bbfa1906187f89d4b9d259e8dc5cb72f6b32035d.pkl,1
3d99670b1f400a18db47021a42cb78fcb085f8ff.pkl,1
0a4f160e650a69ef57aa94e89c6ad528a931ba81.pkl,1
26ae60ac6479888a3fb56b59381e8c81c845348c.pkl,0
5a61846454502f4491086f4ed9a159fc05f86d92.pkl,1
c866b10711b5c30c8f13f903611084ff2af5313d.pkl,0
0549dfdfd52ef75ba66e62b2a27eaf897a7351c6.pkl,1
31135de80dd7b7c4a27516806fbbb13d871548d9.pkl,0
418e94c361df1e0d557a6ea5c684127ffa8e7cbc.pkl,0
d2c161ce52240b61d632607a2262890327d82502.pkl,1
b55da59dcf2ef9a0680453ee8e9d46939a6e72eb.pkl,1
9415fd85086459fecd3969d5d47111ad2717da86.pkl,0
f152483947d6174a6de042c9f02a71decd139359.pkl,1
b0b813011ee3ebd0e8a4c83a457375ec3a4e20ed.pkl,0
f8666af7489d3af0a8fa8003e4f1a612b968b5f7.pkl,1
5be47285ea39a731855f8b3e2ea82d201786ac30.pkl,0
d5d0fa845a2db347edab2c5815b8c0d692df7f88.pkl,1
558acda2a1978ea4c6ac4d5fa71e1a81f8224db4.pkl,0
6d5a901012233e1a42d1ba1532681fc00aa58d5e.pkl,0
b2b808b7f9ae0baa2406eb2fbcffbe184c8f4589.pkl,1
7d527eb7e5b542bb9e628f15af29b29f13a9dfb2.pkl,0
f89b93dc32b4dbcdb19e03aa1cb63cfd43e64dfb.pkl,0
2e4d3aa3e2ab61ba7dd9c1d375626bc06a82384a.pkl,0
1cbb09612b81629ce0193f74f0408bc651a685a5.pkl,0
76760c8509613d83940ec8f860048e86325ebbd1.pkl,0
c7403bc1c6df0b850c5e9a879b99c8d2e695d620.pkl,1
dbabbe9f27b83700f7330a5a809d08be161ea82c.pkl,0
ae8ce245f7857180cc8bf8431cc244508048fbfb.pkl,1
44828a1a4a28d5b5fc70e59b79a3ea1ce6f49d7d.pkl,1
279013125450a330888a9a54d1b615793a9584d0.pkl,0
6fcb68501d55bd1c00d939d8890100bc06514709.pkl,1
514f18a5f8faafc6b50f4355d86b7408e3cb177b.pkl,1
c410279ba6b7c5ece86b4722fa1811d8bd05e6c1.pkl,0
b06091bbd870b24438ca77dae68dd536c1899064.pkl,0
65eb10c9f51242125c1cb060e420bfe13ac29a46.pkl,1
e34ff597bd974101af2810e8eae5500077006a99.pkl,1
0084a3370a6c5e6e3c1dfea8a1124488c8857557.pkl,0
b7e9c7a238bff4b653c2c9c178d2fe8ff203add1.pkl,0
4c84416076c4872f98ea0612c32ba8d3acd56676.pkl,1
a09b0e0728a7965c8a5c8969192ec100a5c5bad3.pkl,0
a9e870f63b46fade13ea12959e6535fe26870a89.pkl,0
3e11b8c0dc8294a7f0d1982d64ef11e2e2175e16.pkl,1
bf7daa886d0ed83f5bbed296277d97b66788f293.pkl,1
1432716f2d1c12a76e1785666eae123f29de2472.pkl,1
e9c79c56f0edfe946e63017cf1c7d664e9245c91.pkl,0
bf62fa39be8ffb847eaa89f657f10f1f5710e30f.pkl,1
fa5e107b48f10ba76c60de9ffd03e9807ae9bc1d.pkl,1
7ac7dc658d9a0c0b81495720a713bd2f5236b863.pkl,0
884cd3e62c71d2a1e48ebe2dda8181d2f527e1c0.pkl,1
2419de896e2ec1d7c8322a62265289e69e3f4072.pkl,1
a9681f7979a57cb679c340900c348142b3852fac.pkl,0
d83602b657de88568a8a7a6935cf317bf4e8af95.pkl,0
d82d2a08993a466882344d71b35a269a19fb14bf.pkl,1
0e677ef61413442ea3db0d67ae686314b031de10.pkl,0
3f400ce63ca49266318165102c8c1c23c458ebf3.pkl,0
2bc4b110684e465c2b805b7d97ee9e423e83dcf3.pkl,0
80d3f9bcab4cb410f273a3d7621da7868a3a6c95.pkl,0
f1fad7c85335dd6e3daa2f9a44bfabdd9957df3b.pkl,0
19925fbc2b971bb21d9cad1b042f6657d51affca.pkl,1
7b558665b340193ca9c934905a250678db4e6402.pkl,1
05431b3904c6c5826febeb9093a0bfc10c86b5fc.pkl,0
6e9d70771a6a4855b74b62631590e7e7de558df6.pkl,0
7dbbea688aced3e953cf7880f7052d802d315965.pkl,1
6d02477fcd1a9df248bfced83ee2ca1798731ed2.pkl,0
ad66ebf9cd72111ccdf46c91fa1c9d8175cf36da.pkl,1
3c571a3fba581713010fd4fbda71965c21fe5b5a.pkl,0
ddce2c71e8436c7cb73933379fa01d8f9e028163.pkl,0
9ab75574032013179942a5a85124d8d3321e437e.pkl,1
7be8a0430b84c6b7e4615cd0f9d0ba843d7e0558.pkl,0
a936217d385ccab99523ad64197aa459a01e3610.pkl,0
2eb9445b52af5585b36f372dccbd3bbc15311b92.pkl,0
69cfb8a99a6c2692c82eb69fa69359715fdcd99a.pkl,0
7165efb6bc57eafc3ceb91d81b934b07fd4f6e3c.pkl,0
56099931f2a461c976e2b51b01e999dd1cab75a0.pkl,1
0abc414ea22ee6f0c7aec27d14a79a4fc87b8fff.pkl,1
974b903bfdad5f11a5995a5b3c44afb0db62c7b4.pkl,0
0ee19416c509c62a463c50629a47c146bec3cd4c.pkl,0
af22e51fe1499871108019eeeb33cae6c913fed6.pkl,0
d592b18a3f6c0d8eebd532098e83dfcf428d7727.pkl,0
c5874a4828dc99e4b10b80535a36f06e04368a56.pkl,1
74d1f99fab21c98de441f4545fcae9f709be9f8c.pkl,0
e0344145379b5c1cc734f1c64d03eb400d84b71e.pkl,1
e2ff8c4f9c3507f619385db43f08097933939621.pkl,1
0e7f9a571af9650bf81902599d7d613f710a3c6e.pkl,0
010aeed72f708550d13fbb2fab93c5fd9a1074e2.pkl,1
6d7936faec8c7d0ff97727babd5103166db420ac.pkl,1
2fb330e13de22200186c18b39ec8e829f239f91e.pkl,1
845148f6250fc6cea0377f67c3526fb09f2457bd.pkl,1
48f95e31232da1d351d2d53ba21c9386df699301.pkl,0
b7fe50841bb63ffdc0785e4822c26210ef75d182.pkl,1
79177610275073113be3ed22d2efca40e7909e04.pkl,0
e0ff7e07de701f7c03e397871936a89fddcb5bd6.pkl,1
73a8896128266768d0d584aca89fd698183baf9e.pkl,1
e2075a4b6a61dc64bf0cf53c8277575998a0e270.pkl,0
7e7b50872026e39058a539b3b42d5b5d389ccd06.pkl,1
082f3dd37a8a6e0d9de9314ebfc034597ea3383e.pkl,1
03d26e7fd14087daccd7e5f8050c5538b45d755b.pkl,0
5ed14aff37ef0c7ced2fd9b1dd36fdea1f4e5375.pkl,0
c6e41e2313ebdfa909c32e79cc45f2e12d0109df.pkl,0
345bdcbff4522ddd9fbef014314aa2fe32ac8e2b.pkl,1
57bb8bc2c176b90af53dac48a0e43d7b9b60cefc.pkl,0
7b4d7fcab4d6e1910ce42951e3e55b418ea95570.pkl,1
77427d6e15c4f209a5e646a1873a7aa99e8e329f.pkl,1
2e1e03ee4023cbdaf39cbb28ce5593a9e52574fc.pkl,1
6582e4f1e7013cb6f63a928ea78e8f143ae71f23.pkl,0
3a28188ce392001adf3c37bc71d1cc1fc1b77040.pkl,0
6d220ea6037e46d98f185343a8e93861482001c1.pkl,1
70edef4197056877d3fd6fe482652a079f680b18.pkl,1
069f5e19debf63e57e66e0e3bda92f271b1153d7.pkl,1
350cf1151588fcf39218f91b0204a7a869c389bf.pkl,1
805543db4f64bd086cd8094b3123ec4d02756873.pkl,0
7e27eae1160a2daebed273df30211301dc116495.pkl,1
a5e4d1d6292385858fb5d98bb6757d8967d2d460.pkl,1
586b6dbc54e815a67eeba0a00f4c9d34c811fbf6.pkl,0
f07b3df5c9642e8700d48f249a20f96467fc5ed8.pkl,1
9a43e05b9c3443ce669e6bc0eeeb0a0d04a60064.pkl,1
40d49f1a6b6da2b4a5205ae9b8897d38f4acd1d9.pkl,1
734538ada7353ab5e0b9c82c5ff4cfe37d28d168.pkl,0
8a9de42a80f57760289ac790bd976d19e073e265.pkl,0
3043fe2f144b8c1a9f8417829c4637f091fe2ca4.pkl,0
33fef88e347bd8e4d82efcefa011ff2c89277b43.pkl,0
f032d3d14589e7fe329200f4b5f71e6baa692238.pkl,0
759055db22fe46b51537cf85e1278ff1497ee2f1.pkl,1
15bad536a89516d480d60ca760827e0a834c79f3.pkl,0
3288f21ba94703317eac534f51c29260c96c1002.pkl,0
066caeccfd82d803b1abbdfc8249787f1238bce5.pkl,1
2d346e5af1b48bc8121d5205a0b93e0291886887.pkl,0
9a2f4d0bc39c77396e865b7318afb3e5ee520b35.pkl,0
19050cd76eb7176cde3fd4f6f08f7e213596ef2d.pkl,1
35a471e32aaca735b9674b8d3d5eb716da0a784c.pkl,0
ff497be70d1b2a582b7fa54f9f1ce769ab1f874d.pkl,1
0c0a925894420912435eb0845a8822c40681a807.pkl,0
cd97df72452d70699e1ada62ad3b62b0895990cc.pkl,0
0351372b7e4d81ecb830e9da867cbc824ccf6a26.pkl,0
24b4b9870e345a0ed025d5d83f619660e5a0f962.pkl,0
06ad3f2bb994703b0524cfaea55beccf9a01c982.pkl,1
d808f01b42110f1eaf43f5d163c4ba88d2107388.pkl,1
b009b05355e39089370618dcd9600ba07775a9b7.pkl,0
b3ffbc75c42176010b72bf9c4b287e05a3d24dee.pkl,1
c47d1fcb6b4bb2fe02804a25849e4c3b7f147338.pkl,1
a786af795d302bc57e0aa79d25407ef4028b019f.pkl,1
570911a579cd752ceedbe9b07efc1c8c832cfda9.pkl,0
b7c4cea15f5a9b0e3d211db6f5c5907d297258b5.pkl,0
7eaaae00f6cb248a781e2caa148c82438f1f22d2.pkl,0
f24bbc56474f9b3e89a1d5829ca99182106b50db.pkl,1
f49e094bf6208a22d1437ac223054c5688b4fcbb.pkl,0
3aa0354c18384b6587ac3dd6b9ec04e9bd44cc21.pkl,1
7069930f518f399dd3f7e0884a0dd6f15c02a26b.pkl,0
848f9eff3337e01f713f05b438620140ec22d45b.pkl,0
ee2a7dee2dd703aea2165ad4a67d92e6ac10c550.pkl,1
276da846150ea2ea7f0235af2a4a8f6fc4477b6a.pkl,1
3b3b1053f6dc7178f05249b3888c3dbc72ee9a10.pkl,0
54a958df1ccbba764be8b7b5c7451be2f21a1ada.pkl,0
71ddd629eac6373d932ed6dd5816d17302fc4969.pkl,1
03cfa477761a0a17fcdbeb1a0b7d5733ca528f19.pkl,1
d3acad89d02851012ddfd45e817730fb76740dd0.pkl,1
aa412052564ee2feead2afd1dc93f5276063faba.pkl,0
9de0fa22f9563541f20ecc30ab6a2e88caaa1e32.pkl,0
9e4084f21897b99a95aa93231124f49209afaae4.pkl,0
18afe51fb785379a33f67ff13009eb144b63fbc7.pkl,0
df38dac8833d1e025959c3f7edd27a6aa6231170.pkl,0
4055d9b06ae7215410c034a1361098cf9c7b77c9.pkl,0
db870c540558bb02ba779ecdf29a4c7df5608587.pkl,0
0480b176330bb1732881bc998165d1e8b1048647.pkl,1
0242afef061985ede91cb0c4b5d09367c852106c.pkl,1
0d71a09b6bee97408223a6a96bdc4ceccef8a0a7.pkl,1
cc4e2c38bc5b85d13cdbb9c42befd7f8d729af82.pkl,1
c8a5c5030a2bbf6b29c64bdee95137e8484d6968.pkl,1
e754e0be8c5994298cb74a6af8d223d98f8f63e0.pkl,1
2e42747fad3d8f21b39a5bfc4c3e71f357103ad1.pkl,0
96b33c44e1fc2a9fadcbed9a63b1d262ebf79671.pkl,1
f227ef9f5c1fee10ab16d57a9f2e88efaf2d4f67.pkl,1
0a25279e114ebb6789a50f3290b987ae7b2e2210.pkl,1
818c05b94fd956b50b2a765b62331a1cd323b072.pkl,0
e1bc0e01f9ec70a3b3a402b7c04f10798f0d69d0.pkl,0
d8e69e0068daba3e9ee6ef9a054b092b05732195.pkl,0
2cf1db427d88d8b798d772e107e10f49d0a2a8f8.pkl,1
36916a62d9bc0228d8db3f8269adca04ad8def87.pkl,1
f7552ae1b94fe3667e212934ab0fcaac922f4051.pkl,0
b5e9778540e9178ec8da5b59958c3c30261151ac.pkl,1
a8859e9903a458d47b5d2ed47bef2841cb96ace3.pkl,0
7fd24bf67db79c5faf93d0ab80dc2931f52389cd.pkl,0
0f4f1d55ae4c51f88432d299ac5d68483e07a95d.pkl,1
4713061b9636741ad6c6f651b5acf5776b7a5940.pkl,0
1c680849cfdd799c23b68483c3bc0536e74259c9.pkl,0
097f57ae1a0ab87188436eb5cdb6457f2265bca2.pkl,0
d75b93d3951d8be9e2cee14614070ca1351088b6.pkl,0
96d3536fafe9f3830edebd722aab2a696e6859c0.pkl,1
719d804df704aac4c9cab8aed91f44e769645157.pkl,0
f0f85ace60f5b0a64ea92c68262e4723a1e3ffd6.pkl,1
08ca050c08682b9d7d0fe6f40119db0571a630f4.pkl,0
6157ad9f9ea54eef85fbb3bbdfeab6c0c87be005.pkl,0
f680bc5ee7f57dc2ca44127f09ab9a3f9257f13c.pkl,1
b10ef0cabee072ad01d1876b819e1041c90f7036.pkl,1
4f67a517a2ce8ba6f802dbe26c12cc432090824d.pkl,0
29ca41825f98c2a2492317183be729413d162974.pkl,0
886c7a7ee7b3e0599fd99945fc533f1784f020ea.pkl,0
98b15661d67e0c7eab30c019fb365166a344b069.pkl,0
dafb395f65e4e9c9eebeb679471480ea5e43c21a.pkl,1
bae9b31f69f152939bb296b2a3fb42e11ed6ebbf.pkl,0
0c66533e834fcd3c5a22b968c8fcda7d978e2a0a.pkl,0
22210227dca2c3163601b94afecb0a50fb0d72ef.pkl,0
d6e403c9d2af30e705b1ed5bb13087dcf02552de.pkl,1
b3ae5a7c05cfcf9c06e5d4d3bef11d698f73506d.pkl,1
575d27dba3307321d2c74cbadb347513f964db55.pkl,1
af73bc4b90899793525ca472a1b90312c33063e9.pkl,0
4d383fc0d0a2e99fe51e0f9e9d891c52c20b3e66.pkl,1
af4efb110e89eb9d82c5628b7151e8a01f433cdf.pkl,0
7889b7d0d52801005ef7283cb13007776335ef39.pkl,0
2448a4bf4eb49af7b658a4af9d32eea6923b5a7e.pkl,0
6d6e13498f17cb9bbd2b1ca4cfb845927634c270.pkl,1
e54c089398a5527b22120092313005556fe0d89c.pkl,0
e63fd5270e556876e72d9b24fec15ac3a23932d0.pkl,1
46016039a2bb91e6708bb639515838b11052e2db.pkl,1
23d94c6f0d50ac0443895cec61d559be6fb2aabd.pkl,0
dbf4f7e5953b6205f4b624abf7f65e0492e6cbff.pkl,0
4defea2a70d55bcdce9b85f0be13254c9a072c41.pkl,1
bc51edaef5d3bdcec3a5094efdc76cb820d4013d.pkl,0
db4f4e002e0f71195e87608d5b6a9c9c6de66d4d.pkl,1
df5e12df17e7b10f5684e0f8c483738e0b0f5378.pkl,0
9c2585670caddc3e3e452250636ea98d79feef82.pkl,0
8c552488a52d916304df96a196cbe8a130b80d06.pkl,1
4071ff2d2015db19e4a4488a282d703000077903.pkl,0
f70a60507bcf6f868388df79aa6894a992a9a328.pkl,1
8e50d78413fda665dad7754a5eaee4d022bd7b3a.pkl,1
d7283a56e565e1b882510907deea262c1df8aec9.pkl,0
ac1db3bd4d353dc2dfb289630777cf4ffaa64f45.pkl,0
0d56bb1f49b9219d96b926d74681ae9908211ae5.pkl,0
db5e322168aa7856de5eb0df6dbe098bfce100ce.pkl,1
f33f1554dd2f8fb0cbba67e4ee8e52b97dc31a6a.pkl,1
a31a47a4c0e25a4072ed9da1a4cd6ca83228f61a.pkl,1
4e2a4c70035808dd8bffaeb6ded8fe2980566e0f.pkl,0
a3af360be33ab048f2727e14b5ead7cbc72cd443.pkl,1
0be054f5aa2b37dca07daa18b716bc0fca32bed6.pkl,1
27be7bcca5162d8af901139d22f82a6da5ee3aac.pkl,0
6d8fad2c14f6244a96c4de0dc8ae122320b1de80.pkl,1
0e79c8cc8a192be5e5c4626038832297e06e31d7.pkl,1
8576df8341cea01270577f4abfdffccf2f53caa4.pkl,1
a034110fb6a9001c49879e8e73d0d88264f08f6b.pkl,1
ff85b8bb1eb42633ef7283a33b25f8137ff71056.pkl,1
2e541fff4dffb062a46aa3a027190a7d6fee2fe9.pkl,1
a1bdbb5a613c3fec614f23443dde26bcfdf59afd.pkl,1
a77350624e8df91b85cfdd75c61bb6488b50bd5f.pkl,0
7274f571fe3e9720b43941818b9e307cb51c9fe2.pkl,0
83faeb6e24c7cc999d3ce0714162b48aaa61e2e0.pkl,0
a587ba726d6f6acd13ec93e33a2b37eeafbadd4d.pkl,1
88502d1441e8fb2aa50e7a1e7fd8168c5ca4e018.pkl,0
fca6af5712ea3b4771e1b25d8156490797d85847.pkl,1
b82097a1bf4f5c718e89add6974bfde73e8f9963.pkl,0
ead9f5bd5ca8878b57f518f0ab31e79b6f68d5b0.pkl,0
44c58fb3df0851648350a5097890ff3053003f24.pkl,1
2e20981814b4433006fcf644e8ef38718b7314c3.pkl,1
5155b9ce04af5fff274696bee27e2ab67a3f742b.pkl,0
3103cdbf3bdb32b24ebe99b9523deea0f2fbf4ab.pkl,1
913749b8fc0f5f59e3090a692a7ed6f9af3d7997.pkl,0
4c010100611a83b0c76ab268dba34671985e521c.pkl,1
a6a2247172c1d6e7d09b0053c5d5624cff0a19da.pkl,0
f4c4609808ee532295537e42df02adda302f96c8.pkl,1
770959f6467641b4b2ba797905e11bf97b8b883f.pkl,1
22efdd400736957ba74df8dc00248e6568ca0485.pkl,0
3b694dea8a21ad4ec9787a9bea9ce334530c9f22.pkl,0
468dddaa09d40d8da84866910cea008871dde9ca.pkl,1
bd8bc1ab4dc2626db8a3909a123fb56baf289fb7.pkl,0
89af6abb9df60a9cd36d8034deaee9eb7e4d4dc4.pkl,0
5f4da459c8eb93ff390fea18fc39f6a7cb42d680.pkl,0
dc699397a4c072c3e580f365cbb01546cde28c97.pkl,1
8b6ad13177545d880395f46c38d2e0f65e39abae.pkl,0
158148b70fe1e2ae11b8bfe2781f7c5211e004af.pkl,0
0e058f608504ff47779852e11684f37509a5ae5b.pkl,1
765f46feef8c4a68415980149f39a3061ca0f0a5.pkl,0
f785a73c501b5be985ec030a1cc040c2b5585c45.pkl,1
3035bc14bf77000ff791d703b15b65c816d8fea5.pkl,1
4d78793ea921986d011a024b91ac59d6c02de6e0.pkl,0
dde5c39b4a2681ed4302a04e0f1ef6508fed3be9.pkl,0
6d346a34319dfc7d5382869b8d7257b221cd38c2.pkl,0
617b48ff7d7075d8ad043cd5f876eaa43fd9eef6.pkl,1
1274c057de550a8d92c2339b1b3a65212e984b3d.pkl,0
8609d4aa27d7406a12995caa1974038892f37248.pkl,0
2530467a4ac64259f08b40fd0780fba83a55a02e.pkl,0
9fd46b75af1e9a418f1e3e9a9950855896e0287f.pkl,1
06c8a6a5b33397d99a78b9401baa7ae798846d92.pkl,1
7bbe743f4cb270820c41498725952df69806256a.pkl,1
3bcac7038a289b41345255bae56638b8351a7c3b.pkl,0
7ca4e8547dff9122be2cef32e441e3cba9a65c46.pkl,0
